{
  "id": "Xscore",
  "name": "Be Gone Scores",
  "author": "Futuremappermydud",
  "description": [
      "Removes the score effect"
  ],
  "category": "Gameplay",
  "gameVersion": "1.6.0",
  "version": "0.0.1",
  "platform": "Quest",
  "coverImageFilename": "cover.png",
  "icon": "cover.png",
  "components": [
    {
      "Type": "HookMod",
      "InstallAction": {
        "InstallLibraryFile": "libXscore.so"
      },
      "UninstallAction": {
        "RemoveLibraryFile": "libXscore.so"
      }
    }
  ]
}