{
  "id": "StickyScores",
  "name": "StickyScores",
  "author": "Futuremappermydud",
  "description": [
      "This innovative mod makes that text when you hit a bloq VERY sticcy! beware this may disintegrate the ability to play lol"
  ],
  "category": "Gameplay",
  "gameVersion": "1.5.0",
  "version": "0.0.1",
  "platform": "Quest",
  "coverImageFilename": "cover.png",
  "icon": "cover.png",
  "components": [
    {
      "Type": "HookMod",
      "InstallAction": {
        "InstallLibraryFile": "libStickyScore.so"
      },
      "UninstallAction": {
        "RemoveLibraryFile": "libStickyScore.so"
      }
    }
  ]
}