{
  "id": "HitSoundChanger",
  "name": "HitSoundChanger",
  "author": "DarkKnight",
  "description": [
      "Changes hitsound"
  ],
  "category": "Gameplay",
  "gameVersion": "1.5.0",
  "version": "0.0.1",
  "platform": "Quest",
  "coverImageFilename": "cover.png",
  "icon": "cover.png",
  "components": [
    {
      "Type": "HookMod",
      "InstallAction": {
        "InstallLibraryFile": "libXscore.so"
      },
      "UninstallAction": {
        "RemoveLibraryFile": "libXscore.so"
      }
    }
  ]
}